,family,child,phenotype,chrom,pos,mutsize,motif_x,pscore,TSS_GENE
166633,14483,SSC11572,2,14,31071890,3,AAAT,0.14475,AP4S1
166691,14485,SSC11661,2,2,241850724,-3,AGC,0.08979000000000001,PDCD1
167402,14513,SSC12116,2,5,123374214,-4,AAC,0.07336000000000001,CEP120
21357,11135,SSC00769,2,12,116290124,-1,AAAT,0.07209,MED13L
168370,14552,SSC12286,2,5,50954696,5,AATT,0.06805,AC008808.2
95843,14335,SSC11732,2,20,49348524,-4,AC,0.03784,KCNB1
92572,12086,SSC05086,2,3,25897920,1,AC,0.03528,LINC00692
135218,13856,SSC09403,2,1,35866936,-7,AC,0.027159999999999997,AGO1
166861,14490,SSC11511,2,10,124884378,-4,AAAT,0.024919999999999998,NPM1P31
48284,11377,SSC00934,2,3,54249663,-11,AC,0.022660000000000003,CACNA2D3
8494,13509,SSC08104,2,7,68421891,4,AAAT,0.022080000000000002,AC093655.1
111108,12548,SSC06388,2,9,3441309,-3,AG,0.021750000000000002,RFX3
151978,14474,SSC11370,2,13,45831180,-5,AAAT,0.02085,SIAH3
136313,14638,SSC12701,2,8,90210309,-5,AAAT,0.0195,LINC00534
162858,14316,SSC09681,2,9,4121621,-10,AC,0.01932,GLIS3
55206,11436,SSC02496,2,3,70813032,3,AATG,0.019,RNU6-281P
35774,14423,SSC11369,2,8,94226294,2,AC,0.01862,CDH17
139160,13383,SSC07471,2,2,55870644,-3,AAC,0.0177,EFEMP1
16322,11091,SSC02725,2,12,67113369,-10,AC,0.0174,AC073530.1
44184,11339,SSC00648,2,5,55067784,-4,ATCC,0.01715,AC034238.2
51140,13101,SSC06827,2,2,151878551,-9,AC,0.0162,CACNB4
44362,11345,SSC00391,2,2,112876339,-1,AAAT,0.01592,XIAPP3
4515,11024,SSC01123,2,7,141807438,-5,AAT,0.01578,MTND1P3
61532,14080,SSC10259,2,3,48888571,2,AAAT,0.014480000000000002,SLC25A20
137240,13309,SSC06937,2,13,97232852,2,AC,0.01422,MBNL2
13043,11073,SSC00036,1,4,30716894,1,AGC,0.05552000000000001,PCDH7
329,11000,SSC02220,1,11,48001350,5,AC,0.02979,PTPRJ-AS1
138312,13340,SSC07257,1,13,43770687,-1,AC,0.026100000000000005,AL162713.2
30444,11401,SSC02444,1,13,89466656,-8,AGAT,0.02504,LINC01040
74516,13462,SSC07201,1,9,21636638,-2,AC,0.01917,AL137022.1
14643,14065,SSC10411,1,13,106650603,-3,AGAT,0.01876,LINC00443
92239,13909,SSC09953,1,7,91380294,-8,AC,0.01876,NIPA2P1
5330,11027,SSC00546,1,3,139114125,-4,AC,0.01815,MRPS22
155469,14039,SSC10303,1,17,75482525,-2,ACAT,0.01516,TMEM94
61529,12637,SSC06059,1,3,48888571,2,AAAT,0.014480000000000002,SLC25A20
